Location,Name,Frequency,Duplex,Offset,Tone,rToneFreq,cToneFreq,DtcsCode,DtcsPolarity,RxDtcsCode,CrossMode,Mode,TStep,Skip,Power,Comment,URCALL,RPT1CALL,RPT2CALL,DVCODE
0,APRS,144.390000,,0.600000,,88.5,88.5,023,NN,023,Tone->Tone,FM,5.00,,50W,,,,,
1,KARS2M,147.200000,+,0.600000,Tone,141.3,88.5,023,NN,023,Tone->Tone,FM,5.00,,50W,,,,,
2,KARS440,442.350000,+,5.000000,Tone,131.8,88.5,023,NN,023,Tone->Tone,FM,5.00,,50W,,,,,
11,W5TAA,145.562500,,0.000000,,88.5,88.5,023,NN,023,Tone->Tone,DN,12.50,,50W,"W5TAA near San Marcos, Hays County, Texas OPEN",,,,
12,KC5GPG,147.500000,-,0.600000,,88.5,88.5,023,NN,023,Tone->Tone,DN,5.00,,50W,"KC5GPG near Seguin, Guadalupe County, Texas OPEN",,,,
13,WA5AP,145.490000,-,0.600000,TSQL,88.5,141.3,023,NN,023,Tone->Tone,FM,5.00,,50W,"WA5AP near Seguin, Guadalupe County, Texas OPEN",,,,
14,WA5GC,146.760000,-,0.600000,TSQL,88.5,141.3,023,NN,023,Tone->Tone,FM,5.00,,50W,"WA5GC near Seguin, Guadalupe County, Texas OPEN",,,,
15,WA5AP,442.225000,+,5.000000,Tone,141.3,88.5,023,NN,023,Tone->Tone,FM,5.00,,50W,"WA5AP near Seguin, Guadalupe County, Texas OPEN",,,,
16,W5WD,444.400000,+,5.000000,,88.5,88.5,023,NN,023,Tone->Tone,FM,5.00,,50W,"W5WD near Seguin, Guadalupe County, Texas OPEN",,,,
17,W5DK,443.500000,+,5.000000,TSQL,88.5,141.3,023,NN,023,Tone->Tone,FM,5.00,,50W,"W5DK near New Braunfels, Comal County, Texas OPEN",,,,
18,W5DOC,145.200000,-,0.600000,Tone,114.8,88.5,023,NN,023,Tone->Tone,DN,5.00,,50W,"W5DOC near Seguin, Guadalupe County, Texas OPEN Advisory Note:  According to the TXVHFFM Society, the use of even-numbered channels in the 145 MHz sub-band was never formally voted on or approved. In addition, similar odd-channel repeater pairings in the 146–148 MHz range are inconsistent with the established coordination standards, which have remained unchanged since the 1990s.  These standards are based on 5 kHz FM deviation spacing, and deviations from them can result in spectral overlap and interference concerns.  This listing reflects a repeater configuration with a 145.200 MHz output and a 144.600 MHz input, which falls outside the historically coordinated channel structure for this band.  Information is provided for advisory and informational purposes only.",,,,
19,WB5LVI,147.000000,-,0.600000,TSQL,88.5,103.5,023,NN,023,Tone->Tone,FM,5.00,,50W,"WB5LVI near New Braunfels, Comal County, Texas OPEN",,,,
20,WB5LVI,147.220000,+,0.600000,TSQL,88.5,103.5,023,NN,023,Tone->Tone,DN,5.00,,50W,"WB5LVI near New Braunfels, Comal County, Texas OPEN",,,,
21,WB5LVI,443.850000,+,5.000000,TSQL,88.5,103.5,023,NN,023,Tone->Tone,DN,5.00,,50W,"WB5LVI near New Braunfels, Comal County, Texas OPEN",,,,
22,DvlsBkbn,146.920000,-,0.600000,TSQL,88.5,131.8,023,NN,023,Tone->Tone,FM,5.00,,50W,"W5DK near San Marcos, Hays County, Texas OPEN",,,,
23,AE5BA,443.525000,+,5.000000,Tone,114.8,88.5,023,NN,023,Tone->Tone,FM,5.00,,50W,"AE5BA near San Marcos, Hays County, Texas OPEN",,,,
24,AI5TX,443.650000,+,5.000000,,88.5,88.5,023,NN,023,Tone->Tone,FM,5.00,,50W,"AI5TX near San Marcos, Hays County, Texas CLOSED",,,,
25,TXStateU,442.700000,+,5.000000,Tone,123.0,88.5,023,NN,023,Tone->Tone,FM,5.00,,50W,"KG5PVG near San Marcos, Hays County, Texas OPEN",,,,
26,WD5EMS,145.300000,-,0.600000,TSQL,88.5,100.0,023,NN,023,Tone->Tone,DN,5.00,,50W,"WD5EMS near Canyon Lake, Comal County, Texas OPEN",,,,
27,NH7TR,146.720000,-,0.600000,Tone,123.0,88.5,023,NN,023,Tone->Tone,FM,5.00,,50W,"NH7TR near Cibolo, Guadalupe County, Texas OPEN",,,,
28,KE5LOT,147.050000,+,0.600000,TSQL,88.5,114.8,023,NN,023,Tone->Tone,DN,5.00,,50W,"KE5LOT near Kyle, Hays County, Texas OPEN",,,,
29,WA5AP,145.230000,-,0.600000,Tone,123.0,88.5,023,NN,023,Tone->Tone,FM,5.00,,50W,"WA5AP near Luling, Guadalupe County, Texas OPEN",,,,
30,W5ERX,444.450000,+,5.000000,TSQL,88.5,114.8,023,NN,023,Tone->Tone,FM,5.00,,50W,"W5ERX near Canyon Lake, Comal County, Texas OPEN",,,,
31,WA5AP,442.550000,+,5.000000,Tone,141.3,88.5,023,NN,023,Tone->Tone,FM,5.00,,50W,"WA5AP near Wimberley, Hays County, Texas OPEN",,,,
32,RetamaPk,146.980000,-,0.600000,TSQL,88.5,136.5,023,NN,023,Tone->Tone,FM,5.00,,50W,"N5ZR near Selma, Bexar County, Texas OPEN",,,,
33,W5TFD,147.440000,,0.000000,DTCS,88.5,88.5,664,NN,023,Tone->Tone,FM,5.00,,50W,"W5TFD near Universal City, Bexar County, Texas OPEN",,,,
34,W5NZK,441.812500,+,5.000000,,88.5,88.5,023,NN,023,Tone->Tone,DN,12.50,,50W,"W5NZK near Live Oak, Bexar County, Texas OPEN YSF Reflector US SADRC ID:84398 Wries-X Room SADRC 40324",,,,
35,WA5FSR,444.075000,+,5.000000,Tone,123.0,88.5,023,NN,023,Tone->Tone,FM,5.00,,50W,"WA5FSR near Saint Hedwig, Bexar County, Texas OPEN",,,,
36,WA5FSR,444.075000,+,5.000000,Tone,123.0,88.5,023,NN,023,Tone->Tone,FM,5.00,,50W,"WA5FSR near Saint Hedwig, Bexar County, Texas OPEN",,,,
37,K5NKK,444.025000,+,5.000000,,88.5,88.5,023,NN,023,Tone->Tone,DN,5.00,,50W,"K5NKK near Live Oak, Bexar County, Texas OPEN",,,,
50,BAZ-ATIS,119.325000,,0.600000,,88.5,88.5,023,NN,023,Tone->Tone,AM,5.00,,50W,,,,,
51,BAZ-GND,120.175000,,0.600000,,88.5,88.5,023,NN,023,Tone->Tone,AM,5.00,,50W,,,,,
52,BAZ-TWR,127.050000,,0.600000,,88.5,88.5,023,NN,023,Tone->Tone,AM,5.00,,50W,,,,,
53,BAZ-UNI,122.700000,,0.600000,,88.5,88.5,023,NN,023,Tone->Tone,FM,5.00,,50W,,,,,
54,HYI-ATIS,120.825000,,0.600000,,88.5,88.5,023,NN,023,Tone->Tone,AM,5.00,,50W,,,,,
55,HYI-GND,120.125000,,0.600000,,88.5,88.5,023,NN,023,Tone->Tone,AM,5.00,,50W,,,,,
56,HYI-TWR,126.825000,,0.600000,,88.5,88.5,023,NN,023,Tone->Tone,AM,5.00,,50W,,,,,
57,HOU-ATIS,124.600000,,0.600000,,88.5,88.5,023,NN,023,Tone->Tone,AM,5.00,,50W,,,,,
58,HOU-GND,121.900000,,0.600000,,88.5,88.5,023,NN,023,Tone->Tone,AM,5.00,,50W,,,,,
59,HOU-TWR,121.900000,,0.600000,,88.5,88.5,023,NN,023,Tone->Tone,AM,5.00,,50W,,,,,
60,HOU-UNI,122.950000,,0.600000,,88.5,88.5,023,NN,023,Tone->Tone,AM,5.00,,50W,,,,,
61,IAH-ATIS,124.050000,,0.600000,,88.5,88.5,023,NN,023,Tone->Tone,FM,5.00,,50W,,,,,
62,KIAH GND,118.575000,,0.600000,,88.5,88.5,023,NN,023,Tone->Tone,FM,5.00,,50W,,,,,
63,KIAH GND,119.950000,,0.600000,,88.5,88.5,023,NN,023,Tone->Tone,FM,5.00,,50W,,,,,
64,KIAH GND,121.700000,,0.600000,,88.5,88.5,023,NN,023,Tone->Tone,FM,5.00,,50W,,,,,
65,KIAHTWR1,125.350000,,0.600000,,88.5,88.5,023,NN,023,Tone->Tone,FM,5.00,,50W,,,,,
66,KIAHTWR2,127.300000,,0.600000,,88.5,88.5,023,NN,023,Tone->Tone,FM,5.00,,50W,,,,,
67,KIAHTWR3,135.150000,,0.600000,,88.5,88.5,023,NN,023,Tone->Tone,FM,5.00,,50W,,,,,
68,KIAHTWR4,120.725000,,0.600000,,88.5,88.5,023,NN,023,Tone->Tone,FM,5.00,,50W,,,,,
75,AUSTIN,442.150000,+,5.000000,,88.5,88.5,023,NN,023,Tone->Tone,DN,5.00,,50W,Austin Travis Co - KA5C - I-35 (C4FM only),,,,
76,AUSTIN-S,441.500000,+,5.000000,,88.5,88.5,023,NN,023,Tone->Tone,DN,5.00,,50W,Austin South Travis Co - KN5C - I-35 (C4FM only),,,,
77,BLANCO,440.275000,+,5.000000,Tone,114.8,88.5,023,NN,023,Tone->Tone,DN,5.00,,50W,Blanco Co - SADRC - US 281,,,,
78,BOERNE,444.900000,+,5.000000,Tone,88.5,88.5,023,NN,023,Tone->Tone,DN,5.00,,50W,Boerne Kendall Co - KARS - I-10,,,,
79,BRWNSVLE,444.375000,+,5.000000,,88.5,88.5,023,NN,023,Tone->Tone,DN,5.00,,50W,Brownsville Cameron Co - KC5MAH - Hwy 4/I-69E (C4FM only),,,,
80,WACO,440.625000,+,5.000000,,88.5,88.5,023,NN,023,Tone->Tone,DN,5.00,,50W,Bruceville-Eddie/Waco McLennan Co - DARN - I-35 (DGID 01),,,,
81,CC-146,146.880000,-,0.600000,Tone,107.2,88.5,023,NN,023,Tone->Tone,DN,5.00,,50W,Corpus Christi Nueces Co - STARC - I-37,,,,
82,CC-442,442.575000,+,5.000000,Tone,100.0,88.5,023,NN,023,Tone->Tone,DN,5.00,,50W,Corpus Christi Nueces Co - SADRC - Park Rd 22/361,,,,
83,GEORGETN,444.250000,+,5.000000,,88.5,88.5,023,NN,023,Tone->Tone,DN,5.00,,50W,Georgetown Williamson Co - W5AMG - I-35 (C4FM only),,,,
84,GERONIMO,442.225000,+,5.000000,,88.5,88.5,023,NN,023,Tone->Tone,DN,5.00,,50W,Geronimo Guadalupe Co - K5UUT - I-10/TX 123 (C4FM only),,,,
85,HARLNGN,443.875000,+,5.000000,,88.5,88.5,023,NN,023,Tone->Tone,DN,5.00,,50W,Harlingen Cameron Co - KD4FJ - 69E/R77 (C4FM/DMR),,,,
86,HONDO,443.350000,+,5.000000,Tone,141.3,88.5,023,NN,023,Tone->Tone,DN,5.00,,50W,Hondo Medina Co - MVARC - US 90,,,,
87,KRRVL147,147.040000,+,0.600000,Tone,114.8,88.5,023,NN,023,Tone->Tone,DN,5.00,,50W,Kerrville Kerr Co - SADRC - I-10,,,,
88,KRRVL444,444.475000,+,5.000000,Tone,114.8,88.5,023,NN,023,Tone->Tone,DN,5.00,,50W,Kerrville Kerr Co - SADRC - I-10,,,,
89,LIVE-OAK,444.025000,+,5.000000,Tone,114.8,88.5,023,NN,023,Tone->Tone,DN,5.00,,50W,Live Oak Bexar Co - K5NKK - I-35/1604,,,,
90,MCDADE,441.575000,+,5.000000,Tone,100.0,88.5,023,NN,023,Tone->Tone,DN,5.00,,50W,McDade Bastrop Co - NU5DE - US 290,,,,
91,NRH,145.270000,-,0.600000,,88.5,88.5,023,NN,023,Tone->Tone,DN,5.00,,50W,North Richland Hills Tarrant Co - SADRC - I-820 (C4FM only),,,,
92,PT-LAVCA,442.675000,+,5.000000,Tone,103.5,88.5,023,NN,023,Tone->Tone,DN,5.00,,50W,Port Lavaca Calhoun Co - PLARC - US 87/TX 35,,,,
93,RND-ROCK,147.160000,+,0.600000,Tone,114.8,88.5,023,NN,023,Tone->Tone,DN,5.00,,50W,Round Rock Williamson Co - SADRC - I-35,,,,
94,SA-N-147,147.160000,+,0.600000,Tone,114.8,88.5,023,NN,023,Tone->Tone,DN,5.00,,50W,San Antonio North Bexar Co - SADRC - US 281/I-35,,,,
95,SA-N-442,442.750000,+,5.000000,Tone,114.8,88.5,023,NN,023,Tone->Tone,DN,5.00,,50W,San Antonio North Bexar Co - SADRC - US 281/I-35,,,,
96,SA-MED,146.820000,-,0.600000,Tone,179.9,88.5,023,NN,023,Tone->Tone,DN,5.00,,50W,San Antonio Med Ctr Bexar Co - SARO - I-10/410/US 281,,,,
97,SA-SW,443.200000,+,5.000000,Tone,114.8,88.5,023,NN,023,Tone->Tone,DN,5.00,,50W,San Antonio Southwest Bexar Co - SADRC - I-35/I-10,,,,
98,SELMA,441.812500,+,5.000000,Tone,114.8,88.5,023,NN,023,Tone->Tone,DN,5.00,,50W,Selma Bexar Co - SADRC - I-35/TX 1518,,,,
99,VICTORIA,443.800000,+,5.000000,Tone,103.5,88.5,023,NN,023,Tone->Tone,DN,5.00,,50W,Victoria Co - VARC - US 59/77/87,,,,
100,W5LCR,444.750000,+,5.000000,,88.5,88.5,023,NN,023,Tone->Tone,DN,5.00,,50W,"W5LCR near Shiner, Lavaca County, Texas OPEN YSF Reflector US-CRHRC-TX #62426",,,,
101,KC5QLT,146.680000,-,0.600000,,88.5,88.5,023,NN,023,Tone->Tone,DN,5.00,,50W,"KC5QLT near Shiner, Lavaca County, Texas OPEN",,,,
102,W5DWT,146.640000,-,0.600000,Tone,103.5,88.5,023,NN,023,Tone->Tone,DN,5.00,,50W,"W5DWT near Cuero, Dewitt County, Texas OPEN",,,,
103,KC5GPG,147.500000,-,0.600000,,88.5,88.5,023,NN,023,Tone->Tone,DN,5.00,,50W,"KC5GPG near Seguin, Guadalupe County, Texas OPEN",,,,
104,W5DOC,145.200000,-,0.600000,Tone,114.8,88.5,023,NN,023,Tone->Tone,DN,5.00,,50W,"W5DOC near Seguin, Guadalupe County, Texas OPEN Advisory Note:  According to the TXVHFFM Society, the use of even-numbered channels in the 145 MHz sub-band was never formally voted on or approved. In addition, similar odd-channel repeater pairings in the 146–148 MHz range are inconsistent with the established coordination standards, which have remained unchanged since the 1990s.  These standards are based on 5 kHz FM deviation spacing, and deviations from them can result in spectral overlap and interference concerns.  This listing reflects a repeater configuration with a 145.200 MHz output and a 144.600 MHz input, which falls outside the historically coordinated channel structure for this band.  Information is provided for advisory and informational purposes only.",,,,
105,K5OQ,145.350000,-,0.600000,TSQL,88.5,114.8,023,NN,023,Tone->Tone,DN,5.00,,50W,"K5OQ near Smithville, Bastrop County, Texas OPEN",,,,
106,W5TAA,145.562500,,0.000000,,88.5,88.5,023,NN,023,Tone->Tone,DN,12.50,,50W,"W5TAA near San Marcos, Hays County, Texas OPEN",,,,
107,H130/21,441.562500,+,5.000000,,88.5,88.5,023,NN,023,Tone->Tone,DN,12.50,,50W,"AC5PS near Mustang Ridge, Travis County, Texas OPEN",,,,
108,DtrHspN,145.130000,-,0.600000,TSQL,88.5,103.5,023,NN,023,Tone->Tone,DN,5.00,,50W,"W5DSC near Victoria, Victoria County, Texas OPEN WIRES-X linked with Calhoun county 147.02 and and DeWitt county 146.64.",,,,
109,KE5LOT,147.050000,+,0.600000,TSQL,88.5,114.8,023,NN,023,Tone->Tone,DN,5.00,,50W,"KE5LOT near Kyle, Hays County, Texas OPEN",,,,
110,WB5LVI,147.220000,+,0.600000,TSQL,88.5,103.5,023,NN,023,Tone->Tone,DN,5.00,,50W,"WB5LVI near New Braunfels, Comal County, Texas OPEN",,,,
111,WB5LVI,443.850000,+,5.000000,TSQL,88.5,103.5,023,NN,023,Tone->Tone,DN,5.00,,50W,"WB5LVI near New Braunfels, Comal County, Texas OPEN",,,,
112,KB5HTB,442.062500,+,5.000000,,88.5,88.5,023,NN,023,Tone->Tone,DN,12.50,,50W,"KB5HTB near Austin, Travis County, Texas OPEN",,,,
113,CitznHsp,443.800000,+,5.000000,TSQL,88.5,103.5,023,NN,023,Tone->Tone,DN,5.00,,50W,"W5DSC near Victoria, Victoria County, Texas OPEN",,,,
114,WD5EMS,145.300000,-,0.600000,TSQL,88.5,100.0,023,NN,023,Tone->Tone,DN,5.00,,50W,"WD5EMS near Canyon Lake, Comal County, Texas OPEN",,,,
115,K5NKK,444.025000,+,5.000000,,88.5,88.5,023,NN,023,Tone->Tone,DN,5.00,,50W,"K5NKK near Live Oak, Bexar County, Texas OPEN",,,,
116,W5NZK,441.812500,+,5.000000,,88.5,88.5,023,NN,023,Tone->Tone,DN,12.50,,50W,"W5NZK near Live Oak, Bexar County, Texas OPEN YSF Reflector US SADRC ID:84398 Wries-X Room SADRC 40324",,,,
117,KN5C,441.500000,+,5.000000,,88.5,88.5,023,NN,023,Tone->Tone,DN,5.00,,50W,"KN5C near Austin, Travis County, Texas OPEN",,,,
118,NU5DE,441.575000,+,5.000000,Tone,100.0,88.5,023,NN,023,Tone->Tone,DN,5.00,,50W,"NU5DE near McDade, Bastrop County, Texas OPEN TVHFS Listing (as of 31 December 2022): 441.5750 MCDADE BASTROP N5UDE 100.0ae 4. (See: http://www.txvhffm.org/repeaters/repeaters.php). RB: Current custodian(s) for N5KF 441.57500 McDade repeater (48-931): N5KF -- RRC.",,,,
119,LkTexana,442.925000,+,5.000000,,88.5,88.5,023,NN,023,Tone->Tone,DN,5.00,,50W,"W5LCR near Edna, Jackson County, Texas OPEN YSF Reflector 62462 - US-CRHRC-TX",,,,
120,UTAustin,442.150000,+,5.000000,,88.5,88.5,023,NN,023,Tone->Tone,DN,5.00,,50W,"KA5C near Austin, Travis County, Texas OPEN 25 watts, 200 feet. Default WIRES-X room is TEXAS-SADRC #40324.",,,,
121,N8IQT,147.160000,+,0.600000,Tone,114.8,88.5,023,NN,023,Tone->Tone,DN,5.00,,50W,"N8IQT near San Antonio, Bexar County, Texas OPEN",,,,
122,N8IQT,442.750000,+,5.000000,Tone,114.8,88.5,023,NN,023,Tone->Tone,DN,5.00,,50W,"N8IQT near San Antonio, Bexar County, Texas OPEN Wires X Room 40324 , YSF Reflector US SADRC. Backup is FCS 003 Room 46.",,,,
123,N8IQT,444.300000,+,5.000000,Tone,114.8,88.5,023,NN,023,Tone->Tone,DN,5.00,,50W,"N8IQT near San Antonio, Bexar County, Texas OPEN Texas SADRC Texas Fusion Network - www.SADRC.net for more information",,,,
124,KG5IWQ,440.625000,+,5.000000,Tone,103.5,88.5,023,NN,023,Tone->Tone,DN,5.00,,50W,"KG5IWQ near Bulverde, Comal County, Texas OPEN",,,,
125,N5XO,147.240000,+,0.600000,TSQL,88.5,82.5,023,NN,023,Tone->Tone,DN,5.00,,50W,"N5XO near Jourdanton, Atascosa County, Texas OPEN",,,,
126,WS5DRC,146.780000,-,0.600000,Tone,114.8,88.5,023,NN,023,Tone->Tone,DN,5.00,,50W,"WS5DRC near San Antonio, Bexar County, Texas OPEN YSF Reflector US SADRC ID:84398; Wires-X Room SADRC 40324; FCS 3 Room 46",,,,
127,N5YBG,441.375000,+,5.000000,,88.5,88.5,023,NN,023,Tone->Tone,DN,5.00,,50W,"N5YBG near San Antonio, Bexar County, Texas OPEN Repeat Link to the LADO - Los Amigos Digital Operators Laredo repeater N5PKL on 441.375 Austin repeater KB5HTB on 145.170 PL 88.5",,,,
128,KG5FEC,444.662500,+,5.000000,,88.5,88.5,023,NN,023,Tone->Tone,DN,12.50,,50W,"KG5FEC near San Antonio, Bexar County, Texas OPEN WIRES-X Node 11275 DIGITAL ONLY, IN AND OUT",,,,
129,PickleRC,146.880000,-,0.600000,TSQL,88.5,107.2,023,NN,023,Tone->Tone,DN,5.00,,50W,"W5KA near Austin, Travis County, Texas OPEN",,,,
130,WS5DRC,440.275000,+,5.000000,,88.5,88.5,023,NN,023,Tone->Tone,DN,5.00,,50W,"WS5DRC near Blanco, Blanco County, Texas OPEN",,,,
131,Crthouse,147.020000,+,0.600000,Tone,103.5,88.5,023,NN,023,Tone->Tone,DN,5.00,,50W,"W5KTC near Port Lavaca, Calhoun County, Texas OPEN Wiresx connected to 145.13 fusion repeater in Victoria.",,,,
132,WS5DRC,443.200000,+,5.000000,Tone,114.8,88.5,023,NN,023,Tone->Tone,DN,5.00,,50W,"WS5DRC near San Antonio, Bexar County, Texas OPEN YSF Reflector US SADRC ID:84398 Wires-X Room SADRC 40324",,,,
133,Crthouse,442.675000,+,5.000000,Tone,103.5,88.5,023,NN,023,Tone->Tone,DN,5.00,,50W,"W5KTC near Port Lavaca, Calhoun County, Texas OPEN",,,,
134,RC-SA,443.025000,+,5.000000,TSQL,88.5,82.5,023,NN,023,Tone->Tone,DN,5.00,,50W,"N5XO near San Antonio, Bexar County, Texas OPEN",,,,
135,WD5EMS,145.330000,-,0.600000,Tone,100.0,88.5,023,NN,023,Tone->Tone,DN,5.00,,50W,"WD5EMS near Round Rock, Williamson County, Texas OPEN",,,,
136,StDavids,444.875000,+,5.000000,TSQL,88.5,100.0,023,NN,023,Tone->Tone,DN,5.00,,50W,"WD5EMS near Round Rock, Williamson County, Texas OPEN digitally linked to Yaesu Fusion Texas I-35 room",,,,
137,KF5KOI,145.280000,-,0.600000,Tone,77.0,88.5,023,NN,023,Tone->Tone,DN,5.00,,50W,"KF5KOI near Blanco, Blanco County, Texas OPEN",,,,
138,AA5RO,444.850000,+,5.000000,TSQL,88.5,162.2,023,NN,023,Tone->Tone,DN,5.00,,50W,"AA5RO near San Antonio, Bexar County, Texas OPEN Hwy 151 and Westover Hill.",,,,
139,PolCmCtr,443.250000,+,5.000000,TSQL,88.5,103.5,023,NN,023,Tone->Tone,DN,5.00,,50W,"W5AUM near Brenham, Washington County, Texas OPEN",,,,
140,W5SFA,444.875000,+,5.000000,Tone,103.5,88.5,023,NN,023,Tone->Tone,DN,5.00,,50W,"W5SFA near Bellville, Austin County, Texas OPEN",,,,
141,WJ1D,147.040000,+,0.600000,,88.5,88.5,023,NN,023,Tone->Tone,DN,5.00,,50W,"WJ1D near Wharton, Wharton County, Texas OPEN",,,,
142,KB5TX,146.640000,-,0.600000,TSQL,88.5,88.5,023,NN,023,Tone->Tone,DN,5.00,,50W,"KB5TX near Boerne, Kendall County, Texas OPEN",,,,
143,KB5TX,444.900000,+,5.000000,TSQL,88.5,88.5,023,NN,023,Tone->Tone,DN,5.00,,50W,"KB5TX near Boerne, Kendall County, Texas OPEN",,,,
144,RC-PC,147.120000,+,0.600000,DTCS,88.5,88.5,131,NN,023,Tone->Tone,DN,5.00,,50W,"N5XO near Pipe Creek, Bandera County, Texas OPEN",,,,
145,Airport,444.250000,+,5.000000,,88.5,88.5,023,NN,023,Tone->Tone,DN,5.00,,50W,"W5AMG near Georgetown, Williamson County, Texas OPEN Good coverage @ 10-20 miles",,,,
146,W5MWI,145.310000,-,0.600000,DTCS,88.5,88.5,032,NN,023,Tone->Tone,DN,5.00,,50W,"W5MWI near Bandera, Bandera County, Texas OPEN Yaesu Fusion Repeater - AHS mode",,,,
147,W5MWI,443.300000,+,5.000000,DTCS,88.5,88.5,032,NN,023,Tone->Tone,DN,5.00,,50W,"W5MWI near Bandera, Bandera County, Texas OPEN Yaesu Fusion Repeater - AHSMode",,,,
148,LnghrnCv,147.020000,+,0.600000,TSQL,88.5,100.0,023,NN,023,Tone->Tone,DN,5.00,,50W,"K5HLA near Burnet, Burnet County, Texas OPEN",,,,
149,LnghrnCv,443.250000,+,5.000000,TSQL,88.5,100.0,023,NN,023,Tone->Tone,DN,5.00,,50W,"K5HLA near Burnet, Burnet County, Texas OPEN",,,,
150,W5FBG,145.470000,-,0.600000,TSQL,88.5,162.2,023,NN,023,Tone->Tone,DN,5.00,,50W,"W5FBG near Fredericksburg, Gillespie County, Texas OPEN",,,,
151,K7UD,444.175000,+,5.000000,TSQL,88.5,162.2,023,NN,023,Tone->Tone,DN,5.00,,50W,"K7UD near Fredericksburg, Gillespie County, Texas OPEN",,,,
152,SkylnTwr,146.680000,-,0.600000,TSQL,88.5,88.5,023,NN,023,Tone->Tone,DN,5.00,,50W,"W5BCS near College Station, Brazos County, Texas OPEN",,,,
153,MethHosp,146.760000,-,0.600000,TSQL,88.5,162.2,023,NN,023,Tone->Tone,DN,5.00,,50W,"W5FBG near Fredericksburg, Gillespie County, Texas OPEN",,,,
154,WD5EMS,145.190000,-,0.600000,,88.5,88.5,023,NN,023,Tone->Tone,DN,5.00,,50W,"WD5EMS near Belton, Bell County, Texas OPEN YSF Digital only, linked to WIRES-X Texas I-35 room.",,,,
155,LkStlhse,440.500000,+,5.000000,,88.5,88.5,023,NN,023,Tone->Tone,DN,5.00,,50W,"WD5EMS near Belton, Bell County, Texas OPEN Linked to Yaesu System Fusion Texas I-35 room",,,,
156,HighSchl,145.350000,-,0.600000,Tone,156.7,88.5,023,NN,023,Tone->Tone,DN,5.00,,50W,"KG5PIV near Belton, Bell County, Texas OPEN",,,,
157,W5LM,146.820000,-,0.600000,Tone,123.0,88.5,023,NN,023,Tone->Tone,DN,5.00,,50W,"W5LM near Temple, Bell County, Texas OPEN  SKYWARN repeater for Bell County",,,,
158,K7RHT,147.040000,+,0.600000,TSQL,88.5,131.8,023,NN,023,Tone->Tone,DN,5.00,,50W,"K7RHT near Kerrville, Kerr County, Texas OPEN",,,,
159,,444.450000,+,5.000000,TSQL,88.5,131.8,023,NN,023,Tone->Tone,DN,5.00,,50W,"near Kerrville, Kerr County, Texas OPEN",,,,
160,K5CRA,145.230000,-,0.600000,TSQL,88.5,88.5,023,NN,023,Tone->Tone,DN,5.00,,50W,"K5CRA near Copperas Cove, Coryell County, Texas OPEN",,,,
161,WD5EMS,145.330000,-,0.600000,TSQL,88.5,88.5,023,NN,023,Tone->Tone,DN,5.00,,50W,"WD5EMS near Lampasas, Lampasas County, Texas OPEN Analog stand alone 88.5 Digital linked into Texas I-35 room",,,,
162,K5ZY,145.290000,-,0.600000,TSQL,88.5,88.5,023,NN,023,Tone->Tone,DN,5.00,,50W,"K5ZY near Iola, Grimes County, Texas OPEN",,,,
163,N5CRP,146.880000,-,0.600000,TSQL,88.5,107.2,023,NN,023,Tone->Tone,DN,5.00,,50W,"N5CRP near Corpus Christi, Nueces County, Texas OPEN",,,,
164,WD5EMS,442.700000,+,5.000000,,88.5,88.5,023,NN,023,Tone->Tone,DN,5.00,,50W,"WD5EMS near Troy, Bell County, Texas OPEN Texas I-35 Fusion Room",,,,
165,WMontgPk,146.600000,-,0.600000,Tone,103.5,88.5,023,NN,023,Tone->Tone,DN,5.00,,50W,"WA5EOC near Montgomery, Montgomery County, Texas OPEN Advisory: Under FCC Part 97 rules, certain portions of the 2-meter band are not authorized for repeater input or output operation. This includes 145.500–146.000 MHz, which is reserved for simplex and other non-repeater uses.  As a result, 146.000 MHz may not be used as a repeater transmit or receive frequency under current FCC regulations. Listings shown here are provided for informational purposes only and may reflect historical, coordination, or reporting discrepancies.  If you are a repeater trustee or coordinator and believe this listing needs correction or clarification, please submit an update so the record can be reviewed.",,,,
166,W5BSA,444.550000,+,5.000000,,88.5,88.5,023,NN,023,Tone->Tone,DN,5.00,,50W,"W5BSA near Houston, Harris County, Texas OPEN Digital only. No analog.",,,,
167,KD5ARN,442.300000,+,5.000000,,88.5,88.5,023,NN,023,Tone->Tone,DN,5.00,,50W,"KD5ARN near Eddy, McLennan County, Texas OPEN",,,,
168,WA5AIR,146.620000,-,0.600000,TSQL,88.5,100.0,023,NN,023,Tone->Tone,DN,5.00,,50W,"WA5AIR near Alvin, Brazoria County, Texas OPEN",,,,
169,KD5GR,147.120000,+,0.600000,TSQL,88.5,167.9,023,NN,023,Tone->Tone,DN,5.00,,50W,"KD5GR near Friendswood, Galveston County, Texas OPEN",,,,
170,KD5GR,444.875000,+,5.000000,TSQL,88.5,123.0,023,NN,023,Tone->Tone,DN,5.00,,50W,"KD5GR near Friendswood, Galveston County, Texas OPEN",,,,
171,WT-Norm,444.875000,+,5.000000,TSQL,88.5,100.0,023,NN,023,Tone->Tone,DN,5.00,,50W,"WD5EMS near Normangee, Leon County, Texas OPEN Texas I-35 Room: YSF 3 Room 30 (The repeater moved as of 12/1/2020)",,,,
172,W5SI,147.280000,+,0.600000,TSQL,88.5,103.5,023,NN,023,Tone->Tone,DN,5.00,,50W,"W5SI near Kingwood, Montgomery County, Texas OPEN",,,,
173,FireSt29,443.550000,+,5.000000,Tone,103.5,88.5,023,NN,023,Tone->Tone,DN,5.00,,50W,"W5SI near Atascocita, Harris County, Texas OPEN",,,,
174,W5SI,145.430000,-,0.600000,TSQL,88.5,103.5,023,NN,023,Tone->Tone,DN,5.00,,50W,"W5SI near Kingwood, Harris County, Texas OPEN",,,,
175,W5SI,444.825000,+,5.000000,TSQL,88.5,103.5,023,NN,023,Tone->Tone,DN,5.00,,50W,"W5SI near Kingwood, Harris County, Texas OPEN",,,,
176,KA5QDG,147.260000,+,0.600000,TSQL,88.5,123.0,023,NN,023,Tone->Tone,DN,5.00,,50W,"KA5QDG near La Porte, Harris County, Texas OPEN",,,,
177,FrdHrtBr,444.975000,+,5.000000,TSQL,88.5,167.9,023,NN,023,Tone->Tone,DN,5.00,,50W,"NE5TX near Baytown, Harris County, Texas OPEN",,,,
178,KC5QIH,443.550000,+,5.000000,TSQL,88.5,123.0,023,NN,023,Tone->Tone,DN,5.00,,50W,"KC5QIH near Waco, McLennan County, Texas OPEN",,,,
179,N5HLC,146.780000,-,0.600000,TSQL,88.5,103.5,023,NN,023,Tone->Tone,DN,5.00,,50W,"N5HLC near Centerville, Leon County, Texas OPEN",,,,
180,K5KCL,441.375000,+,5.000000,,88.5,88.5,023,NN,023,Tone->Tone,DN,5.00,,50W,"K5KCL near China Spring, McLennan County, Texas OPEN",,,,
181,SmHoustn,146.640000,-,0.600000,,88.5,88.5,023,NN,023,Tone->Tone,DN,5.00,,50W,"W5HVL near Huntsville, Walker County, Texas OPEN",,,,
182,K5CHM,443.000000,+,5.000000,Tone,123.0,88.5,023,NN,023,Tone->Tone,DN,5.00,,50W,"K5CHM near Beach City, Chambers County, Texas OPEN",,,,
183,WB5HZM,147.160000,+,0.600000,,88.5,88.5,023,NN,023,Tone->Tone,DN,5.00,,50W,"WB5HZM near Coldspring, San Jacinto County, Texas OPEN",,,,
184,WT-Buff,444.250000,+,5.000000,TSQL,88.5,100.0,023,NN,023,Tone->Tone,DN,5.00,,50W,"WD5EMS near Buffalo, Leon County, Texas OPEN",,,,
185,W5BCR,147.180000,+,0.600000,TSQL,88.5,123.0,023,NN,023,Tone->Tone,DN,5.00,,50W,"W5BCR near Cayote, Bosque County, Texas OPEN",,,,
186,KD5ARN,444.400000,+,5.000000,,88.5,88.5,023,NN,023,Tone->Tone,DN,5.00,,50W,"KD5ARN near Cayote, Bosque County, Texas OPEN",,,,
187,WB5YFX,146.780000,-,0.600000,TSQL,88.5,123.0,023,NN,023,Tone->Tone,DN,5.00,,50W,"WB5YFX near Hillsboro, Hill County, Texas OPEN",,,,
188,KD5ARN,444.675000,+,5.000000,Tone,123.0,88.5,023,NN,023,Tone->Tone,DN,5.00,,50W,"KD5ARN near Hillsboro, Hill County, Texas OPEN",,,,
189,BangsHil,443.900000,+,5.000000,TSQL,88.5,94.8,023,NN,023,Tone->Tone,DN,5.00,,50W,"WD9ARW near Brownwood, Brown County, Texas OPEN",,,,
190,N5PKL,441.375000,+,5.000000,,88.5,88.5,023,NN,023,Tone->Tone,DN,5.00,,50W,"N5PKL near Laredo, Webb County, Texas OPEN",,,,
191,K5DDL,145.290000,-,0.600000,TSQL,88.5,110.9,023,NN,023,Tone->Tone,DN,5.00,,50W,"K5DDL near Stephenville, Erath County, Texas OPEN",,,,
192,N5CLE,441.300000,+,5.000000,DTCS,88.5,88.5,065,NN,023,Tone->Tone,DN,5.00,,50W,"N5CLE near Cleburne, Johnson County, Texas OPEN",,,,
193,W5RIN,146.760000,-,0.600000,TSQL,88.5,107.2,023,NN,023,Tone->Tone,DN,5.00,,50W,"W5RIN near Beaumont, Jefferson County, Texas OPEN",,,,
194,KC5PWQ,443.125000,+,5.000000,Tone,110.9,88.5,023,NN,023,Tone->Tone,DN,5.00,,50W,"KC5PWQ near Keene, Johnson County, Texas OPEN",,,,
195,KD5OL,145.250000,-,0.600000,TSQL,88.5,100.0,023,NN,023,Tone->Tone,DN,5.00,,50W,"KD5OL near Palmer, Ellis County, Texas OPEN",,,,
196,K5AEC,147.220000,+,0.600000,Tone,110.9,88.5,023,NN,023,Tone->Tone,DN,5.00,,50W,"K5AEC near Alvarado, Johnson County, Texas OPEN",,,,
197,105FtTwr,441.362500,+,5.000000,TSQL,88.5,100.0,023,NN,023,Tone->Tone,DN,12.50,,50W,"KD5OL near Joshua, Johnson County, Texas OPEN",,,,
198,KB5YBI,443.750000,+,5.000000,Tone,110.9,88.5,023,NN,023,Tone->Tone,DN,5.00,,50W,"KB5YBI near Egan, Johnson County, Texas OPEN",,,,
199,KA9DNO,444.650000,+,5.000000,TSQL,88.5,77.0,023,NN,023,Tone->Tone,DN,5.00,,50W,"KA9DNO near Cross Plains, Brown County, Texas OPEN",,,,
200,VidorPD,147.060000,+,0.600000,TSQL,88.5,67.0,023,NN,023,Tone->Tone,DN,5.00,,50W,"AA5P near Orange, Orange County, Texas OPEN",,,,
201,W5WK,447.100000,-,5.000000,TSQL,88.5,156.7,023,NN,023,Tone->Tone,DN,5.00,,50W,"W5WK near Joshua, Johnson County, Texas OPEN",,,,
202,KC5CPO,145.530000,,0.000000,,88.5,88.5,023,NN,023,Tone->Tone,DN,5.00,,50W,"KC5CPO near Burleson, Johnson County, Texas OPEN",,,,
203,KC5YSM,444.800000,+,5.000000,TSQL,88.5,118.8,023,NN,023,Tone->Tone,DN,5.00,,50W,"KC5YSM near Nederland, Jefferson County, Texas OPEN",,,,
204,WD5DDH,441.650000,+,5.000000,TSQL,88.5,110.9,023,NN,023,Tone->Tone,DN,5.00,,50W,"WD5DDH near Midlothian, Ellis County, Texas OPEN",,,,
205,KA5TWA,440.700000,+,5.000000,Tone,136.5,88.5,023,NN,023,Tone->Tone,DN,5.00,,50W,"KA5TWA near Benbrook, Tarrant County, Texas OPEN",,,,
206,W5ND,147.180000,+,0.600000,TSQL,88.5,103.5,023,NN,023,Tone->Tone,DN,5.00,,50W,"W5ND near Orange, Orange County, Texas OPEN",,,,
207,WA5JRS,448.775000,-,5.000000,TSQL,88.5,167.9,023,NN,023,Tone->Tone,DN,5.00,,50W,"WA5JRS near Mansfield, Tarrant County, Texas OPEN Nets o",,,,
208,K5WHG,444.875000,+,5.000000,TSQL,88.5,77.0,023,NN,023,Tone->Tone,DN,5.00,,50W,"K5WHG near Eastland, Eastland County, Texas OPEN",,,,
209,WY0F,443.950000,+,5.000000,TSQL,88.5,114.8,023,NN,023,Tone->Tone,DN,5.00,,50W,"WY0F near Harlingen, Cameron County, Texas OPEN",,,,
210,K5COW,147.280000,+,0.600000,TSQL,88.5,110.9,023,NN,023,Tone->Tone,DN,5.00,,50W,"K5COW near Fort Worth, Tarrant County, Texas OPEN Emergency power.",,,,
211,NBenbrk,442.200000,+,5.000000,TSQL,88.5,110.9,023,NN,023,Tone->Tone,DN,5.00,,50W,"K5COW near Fort Worth, Tarrant County, Texas OPEN",,,,
212,WA5JRS,145.330000,-,0.600000,TSQL,88.5,107.2,023,NN,023,Tone->Tone,DN,5.00,,50W,"WA5JRS near Fort Worth, Tarrant County, Texas OPEN",,,,
213,K5SLD,147.140000,+,0.600000,TSQL,88.5,110.9,023,NN,023,Tone->Tone,DN,5.00,,50W,"K5SLD near Arlington, Tarrant County, Texas OPEN",,,,
214,K5SLD,444.200000,+,5.000000,TSQL,88.5,100.0,023,NN,023,Tone->Tone,DN,5.00,,50W,"K5SLD near Arlington, Tarrant County, Texas OPEN",,,,
215,KJ5CTF,146.940000,-,0.600000,TSQL,88.5,110.9,023,NN,023,Tone->Tone,DN,5.00,,50W,"KJ5CTF near San Juan, Hidalgo County, Texas OPEN",,,,
216,K5WHG,443.250000,+,5.000000,TSQL,88.5,77.0,023,NN,023,Tone->Tone,DN,5.00,,50W,"K5WHG near Weatherford, Parker County, Texas OPEN",,,,
217,WA5JRS,441.375000,+,5.000000,TSQL,88.5,110.9,023,NN,023,Tone->Tone,DN,5.00,,50W,"WA5JRS near Grand Prairie, Tarrant County, Texas OPEN",,,,
218,W5FA,444.900000,+,5.000000,TSQL,88.5,110.9,023,NN,023,Tone->Tone,DN,5.00,,50W,"W5FA near Fort Worth, Tarrant County, Texas OPEN",,,,
219,GaltRnch,146.780000,-,0.600000,TSQL,88.5,77.0,023,NN,023,Tone->Tone,DN,5.00,,50W,"N5GRC near Comstock, Val Verde County, Texas OPEN Open repeater based out of Galt Ranching, Val Verde County, TX.",,,,
220,GaltRnch,440.525000,+,5.000000,TSQL,88.5,77.0,023,NN,023,Tone->Tone,DN,5.00,,50W,"N5GRC near Comstock, Val Verde County, Texas OPEN Open repeater at Galt Ranching, Val Verde County, TX.",,,,
221,K5VZC,444.800000,+,5.000000,TSQL,88.5,136.5,023,NN,023,Tone->Tone,DN,5.00,,50W,"K5VZC near CANTON, Van Zandt County, Texas OPEN YSF DG-ID IS 48 ON AMCOMM NETWORK",,,,
222,K5NRH,441.750000,+,5.000000,TSQL,88.5,100.0,023,NN,023,Tone->Tone,DN,5.00,,50W,"K5NRH near North Richland Hills, Tarrant County, Texas OPEN",,,,
223,W5DCR,146.960000,-,0.600000,TSQL,88.5,110.9,023,NN,023,Tone->Tone,DN,5.00,,50W,"W5DCR near Dallas, Dallas County, Texas OPEN RACES back-up repeater.",,,,
224,W5FC,442.425000,+,5.000000,TSQL,88.5,110.9,023,NN,023,Tone->Tone,DN,5.00,,50W,"W5FC near Dallas, Dallas County, Texas OPEN",,,,
225,FireSt1,442.825000,+,5.000000,TSQL,88.5,110.9,023,NN,023,Tone->Tone,DN,5.00,,50W,"N5VAV near Bedford, Tarrant County, Texas OPEN",,,,
226,K0BRN,145.270000,-,0.600000,,88.5,88.5,023,NN,023,Tone->Tone,DN,5.00,,50W,"K0BRN near Watauga, Tarrant County, Texas OPEN",,,,
227,W5MCT,443.100000,+,5.000000,TSQL,88.5,136.5,023,NN,023,Tone->Tone,DN,5.00,,50W,"W5MCT near Tyler, Smith County, Texas OPEN",,,,
228,WB5IDM,146.800000,-,0.600000,TSQL,88.5,110.9,023,NN,023,Tone->Tone,DN,5.00,,50W,"WB5IDM near Azle, Tarrant County, Texas OPEN",,,,
229,N5EOC,444.700000,+,5.000000,TSQL,88.5,110.9,023,NN,023,Tone->Tone,DN,5.00,,50W,"N5EOC near Keller, Tarrant County, Texas OPEN",,,,
230,K5MPH,442.275000,+,5.000000,,88.5,88.5,023,NN,023,Tone->Tone,DN,5.00,,50W,"K5MPH near Brownsville, Cameron County, Texas OPEN SDRC",,,,
231,N5EOC,145.400000,-,0.600000,TSQL,88.5,110.9,023,NN,023,Tone->Tone,DN,5.00,,50W,"N5EOC near Grapevine, Tarrant County, Texas OPEN",,,,
232,N5EOC,443.875000,+,5.000000,TSQL,88.5,110.9,023,NN,023,Tone->Tone,DN,5.00,,50W,"N5EOC near Grapevine, Tarrant County, Texas OPEN",,,,
233,N5RCA,146.780000,-,0.600000,Tone,131.8,88.5,023,NN,023,Tone->Tone,DN,5.00,,50W,"N5RCA near Henderson, Rusk County, Texas OPEN",,,,
234,N5ZW,442.275000,+,5.000000,TSQL,88.5,110.9,023,NN,023,Tone->Tone,DN,5.00,,50W,"N5ZW near Dallas, Dallas County, Texas OPEN",,,,
235,UTD,442.800000,+,5.000000,TSQL,88.5,110.9,023,NN,023,Tone->Tone,DN,5.00,,50W,"K5BSA near Plano, Collin County, Texas OPEN",,,,
236,PaliCnII,444.725000,+,5.000000,DTCS,88.5,88.5,624,NN,023,Tone->Tone,DN,5.00,,50W,"K5RWK near Richardson, Dallas County, Texas OPEN In Full Auto . WIRES-X. Our Yaesu Fusion C4FM UHF repeater is linked to WIRES-X. The node number is 30372. Our WIRES-X connectivity allows an operator to link to any other WIRES-X node or room through the internet. This allows you with your HT or mobile station to communicate with people in other cities, states or indeed other countries. The default room that our Fusion node is connected to is the Texas–Nexus, which is a wide variety of repeaters around the state, that gets visitors from all around the world.<br>  So long as the repeater is not in use, feel free to link it to other nodes or rooms, make contacts in other countries. The room list is available here. It will return to its default configuration after a period of inactivity. Or, feel free to join us through WIRES-X, room 30372.",,,,
237,NWtrTwr,442.837500,+,5.000000,TSQL,88.5,162.2,023,NN,023,Tone->Tone,DN,12.50,,50W,"K5RKW near Fate, Rockwall County, Texas OPEN",,,,
238,KI5WIZ,442.050000,+,5.000000,Tone,110.9,88.5,023,NN,023,Tone->Tone,DN,5.00,,50W,"KI5WIZ near Wylie, Collin County, Texas OPEN",,,,
239,NK5CC,146.680000,-,0.600000,TSQL,88.5,107.2,023,NN,023,Tone->Tone,DN,5.00,,50W,"NK5CC near Copper Canyon, Denton County, Texas OPEN",,,,
240,K5LRK,443.300000,+,5.000000,Tone,110.9,88.5,023,NN,023,Tone->Tone,DN,5.00,,50W,"K5LRK near The Colony, Denton County, Texas OPEN",,,,
241,N5VGQ,147.300000,+,0.600000,TSQL,88.5,151.4,023,NN,023,Tone->Tone,DN,5.00,,50W,"N5VGQ near Kilgore, Rusk County, Texas OPEN",,,,
242,K5LFD,442.212500,+,5.000000,Cross,88.5,91.5,023,NN,023,->Tone,DN,12.50,,50W,"K5LFD near Lucas, Collin County, Texas OPEN",,,,
243,WA5GP,147.000000,+,0.600000,TSQL,88.5,110.9,023,NN,023,Tone->Tone,DN,5.00,,50W,"WA5GP near Graham, Young County, Texas OPEN",,,,
244,StarkHal,443.525000,+,5.000000,,88.5,88.5,023,NN,023,Tone->Tone,DN,5.00,,50W,"WA5LIE near Denton, Denton County, Texas OPEN C4FM digital only.",,,,
245,KG5IAN,440.025000,+,5.000000,TSQL,88.5,110.9,023,NN,023,Tone->Tone,DN,5.00,,50W,"KG5IAN near McKinney, Collin County, Texas OPEN NCCARC https://kg5ian.wixsite.com/nccarc",,,,
246,N5MRG,147.080000,+,0.600000,TSQL,88.5,110.9,023,NN,023,Tone->Tone,DN,5.00,,50W,"N5MRG near Farmersville, Collin County, Texas OPEN",,,,
247,K5JG,443.425000,+,5.000000,TSQL,88.5,114.8,023,NN,023,Tone->Tone,DN,5.00,,50W,"K5JG near Longview, Gregg County, Texas OPEN",,,,
248,WT-Mlsa,443.200000,+,5.000000,TSQL,88.5,100.0,023,NN,023,Tone->Tone,DN,5.00,,50W,"W5MRC near Melissa, Collin County, Texas OPEN",,,,
249,W5DLA,441.325000,+,5.000000,,88.5,88.5,023,NN,023,Tone->Tone,DN,5.00,,50W,"W5DLA near Anna, Collin County, Texas OPEN",,,,
250,K5SST,146.680000,-,0.600000,TSQL,88.5,151.4,023,NN,023,Tone->Tone,DN,5.00,,50W,"K5SST near Sulphur Springs, Hopkins County, Texas OPEN AMS Mode for Analog or Digital (C4FM)",,,,
251,WB4GHY,444.125000,+,5.000000,TSQL,88.5,107.2,023,NN,023,Tone->Tone,DN,5.00,,50W,"WB4GHY near Van Alstyne, Grayson County, Texas OPEN",,,,
252,WB5HVC,442.825000,+,5.000000,Tone,123.0,88.5,023,NN,023,Tone->Tone,DN,5.00,,50W,"WB5HVC near Tioga, Grayson County, Texas OPEN Our Yaesu repeater is linked to WIRES-X. The default room that our Fusion node is connected to is the Texas–Nexus. If the repeater is not in use, feel free to link it to other nodes/rooms, It will return to its default room after a period of inactivity.",,,,
253,KI5VHC,147.240000,+,0.600000,Tone,110.9,88.5,023,NN,023,Tone->Tone,DN,5.00,,50W,"KI5VHC near Olney, Young County, Texas OPEN",,,,
254,K5FRC,442.525000,+,5.000000,Tone,100.0,88.5,023,NN,023,Tone->Tone,DN,5.00,,50W,"K5FRC near Bailey, Fannin County, Texas OPEN",,,,
255,WX5ARC,147.320000,+,0.600000,TSQL,88.5,192.8,023,NN,023,Tone->Tone,DN,5.00,,50W,"WX5ARC near Montague, Montague County, Texas OPEN",,,,
256,K5FRC,443.750000,+,5.000000,Tone,100.0,88.5,023,NN,023,Tone->Tone,DN,5.00,,50W,"K5FRC near Bonham, Fannin County, Texas OPEN",,,,
257,K5FRC,145.470000,-,0.600000,TSQL,88.5,100.0,023,NN,023,Tone->Tone,DN,5.00,,50W,"K5FRC near Ivanhoe, Fannin County, Texas OPEN Tower is located in North Fannin County.",,,,
258,KC5NJP,147.100000,+,0.600000,TSQL,88.5,192.8,023,NN,023,Tone->Tone,DN,5.00,,50W,"KC5NJP near Seymour, Baylor County, Texas OPEN",,,,
259,CusettMt,145.190000,-,0.600000,TSQL,88.5,151.4,023,NN,023,Tone->Tone,DN,5.00,,50W,"WX5FL near Marietta, Cass County, Texas OPEN Stand alone Repeater for Bi-County ARES/RACES Operations",,,,
260,KI5DX,444.475000,+,5.000000,Tone,100.0,88.5,023,NN,023,Tone->Tone,DN,5.00,,50W,"KI5DX near Paris, Lamar County, Texas OPEN",,,,
261,RC-WF,147.140000,+,0.600000,Tone,192.8,88.5,023,NN,023,Tone->Tone,DN,5.00,,50W,"N5WF near Wichita Falls, Wichita County, Texas OPEN No carrier tone on repeater",,,,
262,SprgdTwr,444.550000,+,5.000000,TSQL,88.5,100.0,023,NN,023,Tone->Tone,DN,5.00,,50W,"WX5FL near Queen City, Cass County, Texas OPEN",,,,
263,FrmrBnkT,147.120000,+,0.600000,TSQL,88.5,100.0,023,NN,023,Tone->Tone,DN,5.00,,50W,"KD5RCA near Texarkana, Bowie County, Texas OPEN",,,,
